acc,edit,f1s@0.1,f1s@0.25,f1s@0.5
77.38664135145868,15.76505845344722,20.52645167917037,19.175583176573095,15.862341560034778
