acc,edit,f1s@0.1,f1s@0.25,f1s@0.5
76.20127256120067,80.79360143960074,86.20008878072667,83.9669877193127,69.77016565334024
