acc,edit,f1s@0.1,f1s@0.25,f1s@0.5
59.22175817404148,29.615856566652184,37.40967743016422,32.677276225492434,21.94239059765872
