acc,edit,f1s@0.1,f1s@0.25,f1s@0.5
31.54790957969107,22.16255622094696,18.601166694945313,14.04914685727026,8.302947951215682
