acc,edit,f1s@0.1,f1s@0.25,f1s@0.5
75.06122496849997,51.57529820303813,61.059260266233395,58.57551486528244,49.83593921836022
