acc,edit,f1s@0.1,f1s@0.25,f1s@0.5
71.6400652710225,74.74779984582064,80.80406009734739,77.48497996872253,62.20281368900369
