acc,edit,f1s@0.1,f1s@0.25,f1s@0.5
79.91897346884711,67.45500228787651,75.14795093015293,72.73975815183863,65.77885033174047
